state_ut,year,residential_premises_dacoity,residential_premises_robbery,residential_premises_burglary,residential_premises_theft,highways_dacoity,highways_robbery,highways_burglary,highways_theft,river_and_sea_dacoity,river_and_sea_robbery,river_and_sea_burglary,river_and_sea_theft,railways_dacoity,railways_robbery,railways_burglary,railways_theft,banks_dacoity,banks_robbery,banks_burglary,banks_theft,commercial_establishments_dacoity,commercial_establishments_robbery,commercial_establishments_burglary,commercial_establishments_theft,other_places_dacoity,other_places_robbery,other_places_burglary,other_places_theft,total_dacoity,total_robbery,total_burglary,total_theft
ANDHRA PRADESH,2001,100,177,5158,4257,57,172,31,74,2,11,101,110,8,19,6,943,0,2,21,16,10,16,1041,2502,37,232,862,8849,214,629,7220,16751
ARUNACHAL PRADESH,2001,9,26,99,131,0,0,0,8,0,0,0,1,0,0,0,0,0,0,0,0,5,18,84,54,8,40,65,249,22,84,248,443
ASSAM,2001,381,191,1695,2901,46,136,7,87,1,0,0,8,4,5,3,39,1,11,5,23,22,83,442,967,77,261,271,1342,532,687,2423,5367
BIHAR,2001,818,326,2486,4741,162,826,0,257,1,0,0,0,50,52,0,1432,23,11,11,3,27,108,231,686,210,880,505,2582,1291,2203,3233,9701
CHHATTISGARH,2001,54,42,3336,1417,10,38,12,72,0,0,0,2,2,9,0,179,2,1,6,8,4,9,370,299,15,239,420,2835,87,338,4144,4812
GOA,2001,3,10,185,65,0,3,0,3,0,0,0,1,0,0,1,6,0,0,7,1,0,4,109,64,4,8,57,436,7,25,359,576
GUJARAT,2001,105,181,3217,3639,58,113,2,116,2,5,0,12,6,52,0,356,2,4,32,15,39,70,889,1343,115,566,1002,10353,327,991,5142,15834
HARYANA,2001,25,52,2072,1930,11,71,12,88,0,0,0,0,0,8,72,402,0,2,19,1,5,54,534,684,36,210,400,3012,77,397,3109,6117
HIMACHAL PRADESH,2001,0,2,328,55,0,2,0,10,0,0,0,0,0,1,0,1,0,1,75,1,1,3,235,45,3,19,206,488,4,28,844,600
JAMMU & KASHMIR,2001,11,65,879,447,0,3,2,19,0,0,0,0,0,0,0,0,4,3,9,0,1,20,235,193,8,70,220,1260,24,161,1345,1919
JHARKHAND,2001,339,175,1158,2377,209,337,0,110,0,0,0,0,13,17,0,187,4,3,1,37,16,11,15,380,55,104,92,736,636,647,1266,3827
KARNATAKA,2001,70,248,4194,4505,16,57,0,44,0,0,0,0,3,16,71,457,0,2,62,61,14,53,1026,1322,75,471,1041,6479,178,847,6394,12868
KERALA,2001,45,113,2409,1657,16,36,91,262,0,1,1,4,0,1,2,198,0,0,9,1,28,41,844,529,87,325,1118,2790,176,517,4474,5441
MADHYA PRADESH,2001,59,449,9551,8173,31,186,13,538,0,5,0,45,3,54,25,1106,4,2,52,7,11,81,1107,3117,58,987,2801,7277,166,1764,13549,20263
MAHARASHTRA,2001,162,444,9817,7470,76,296,0,326,0,1,0,9,8,57,69,3037,5,9,147,381,39,184,2697,3821,239,1248,2343,24822,529,2239,15073,39866
MANIPUR,2001,1,3,28,42,17,5,0,3,0,0,0,0,0,0,0,0,0,0,0,0,0,0,27,101,2,11,20,71,20,19,75,217
MEGHALAYA,2001,29,14,77,67,25,33,0,0,0,0,0,0,0,0,0,0,0,0,1,0,5,6,34,17,38,72,58,187,97,125,170,271
MIZORAM,2001,3,6,184,348,0,1,0,7,0,0,0,0,0,0,0,0,0,0,0,0,0,0,117,237,0,16,116,286,3,23,417,878
NAGALAND,2001,2,12,66,115,3,41,0,15,0,0,0,0,0,0,0,0,0,2,0,0,0,11,65,46,6,63,32,82,11,129,163,258
ODISHA,2001,90,255,2341,2191,26,268,0,95,0,0,0,0,5,14,2,393,6,4,5,0,22,90,383,616,50,327,362,2327,199,958,3093,5622
PUNJAB,2001,17,39,1233,994,3,6,0,44,0,0,0,3,0,3,0,41,0,3,15,4,6,5,299,342,19,75,355,1595,45,131,1902,3023
RAJASTHAN,2001,9,26,4377,2413,15,60,0,112,0,0,0,0,0,5,0,564,0,0,31,1,6,18,1875,1253,30,780,1001,12596,60,889,7284,16939
SIKKIM,2001,0,0,50,27,0,0,0,17,0,0,0,0,0,2,0,0,0,0,0,0,0,0,9,8,0,1,17,22,0,3,76,74
TAMIL NADU,2001,61,142,3680,3390,24,52,0,263,0,0,0,7,2,11,18,256,1,3,29,44,22,66,589,2255,48,398,1649,10494,158,672,5965,16709
TRIPURA,2001,23,35,161,186,1,3,0,0,0,0,0,0,0,0,0,0,0,0,0,0,2,25,8,42,0,0,29,31,26,63,198,259
UTTAR PRADESH,2001,402,504,6693,6383,208,2015,0,6121,1,0,0,0,21,49,4,3141,0,13,2,1,36,34,149,808,237,1210,1563,10557,905,3825,8411,27011
UTTARAKHAND,2001,18,38,376,598,4,68,7,72,0,0,0,0,0,2,12,52,1,0,1,0,2,4,45,169,7,79,92,528,32,191,533,1419
WEST BENGAL,2001,75,106,300,5369,40,129,0,159,0,0,0,3,10,22,0,1038,4,6,0,0,17,57,44,1875,128,340,82,5801,274,660,426,14245
TOTAL (STATES),2001,2911,3681,66150,65888,1058,4957,177,8922,7,23,102,205,135,399,285,13828,57,82,540,605,340,1071,13503,23775,1592,9032,16779,118087,6100,19245,97536,231310
A & N ISLANDS,2001,0,0,47,18,0,0,0,0,0,0,0,1,0,0,0,0,0,0,0,0,0,0,7,6,0,4,10,40,0,4,64,65
CHANDIGARH,2001,2,3,239,634,0,0,0,0,0,0,0,0,0,0,0,0,0,0,2,0,1,1,79,74,2,18,44,821,5,22,364,1529
D & N HAVELI,2001,0,0,18,22,0,0,0,0,0,0,0,3,0,0,0,0,0,0,0,0,0,0,13,10,0,2,3,10,0,2,34,45
DAMAN & DIU,2001,0,0,20,4,0,0,0,0,0,0,0,0,0,0,0,0,0,0,1,0,0,0,20,6,0,0,2,30,0,0,43,40
DELHI,2001,27,105,2175,2776,3,30,0,0,0,0,0,0,1,11,2,1430,0,0,0,0,5,58,624,1402,12,420,228,13668,48,624,3029,19276
LAKSHADWEEP,2001,0,0,1,6,0,0,0,0,0,0,0,0,0,0,0,0,0,0,0,0,0,0,0,0,0,0,0,4,0,0,1,10
PUDUCHERRY,2001,1,2,66,203,0,0,0,0,0,0,0,0,0,0,0,0,0,0,0,0,0,0,27,37,0,2,18,288,1,4,111,528
TOTAL (UTs),2001,30,110,2566,3663,3,30,0,0,0,0,0,4,1,11,2,1430,0,0,3,0,6,59,770,1535,14,446,305,14861,54,656,3646,21493
TOTAL (ALL-INDIA),2001,2941,3791,68716,69551,1061,4987,177,8922,7,23,102,209,136,410,287,15258,57,82,543,605,346,1130,14273,25310,1606,9478,17084,132948,6154,19901,101182,252803
ANDHRA PRADESH,2002,110,230,5904,6129,36,164,11,204,0,0,0,0,3,16,9,1123,1,1,27,23,1,19,1083,2911,46,218,594,8832,197,648,7628,19222
ARUNACHAL PRADESH,2002,18,75,195,297,0,1,0,2,0,0,0,1,0,0,0,0,1,0,0,0,1,14,34,40,2,6,20,55,22,96,249,395
ASSAM,2002,312,271,1635,3108,49,81,0,64,2,0,2,4,3,11,88,185,3,1,0,5,48,88,475,727,56,155,304,1462,473,607,2504,5555
BIHAR,2002,833,436,2434,4850,149,964,0,252,0,0,0,0,58,55,9,1270,15,10,0,6,36,94,269,785,198,729,476,2982,1289,2288,3188,10145
CHHATTISGARH,2002,56,60,2707,1121,6,51,234,62,1,0,0,1,22,4,6,191,11,11,6,254,28,33,511,492,20,167,267,2181,144,326,3731,4302
GOA,2002,4,2,187,64,0,2,0,11,0,0,0,2,0,0,0,13,0,1,4,1,0,3,130,76,1,16,55,329,5,24,376,496
GUJARAT,2002,283,231,3350,3388,75,134,1,150,0,0,0,4,4,61,26,342,0,3,30,6,127,90,976,1352,315,579,944,10500,804,1098,5327,15742
HARYANA,2002,21,55,2009,2394,10,51,11,95,0,0,0,1,1,3,2,203,1,2,26,0,3,42,589,824,25,177,411,2445,61,330,3048,5962
HIMACHAL PRADESH,2002,0,3,308,71,0,2,0,10,0,0,0,0,0,0,0,0,0,2,6,1,0,3,191,44,0,8,205,438,0,18,710,564
JAMMU & KASHMIR,2002,30,54,832,593,1,2,5,5,0,0,0,0,0,0,0,0,3,9,6,0,4,8,278,248,4,90,200,1174,42,163,1321,2020
JHARKHAND,2002,285,367,1290,1937,208,230,0,214,0,0,0,0,27,33,0,242,8,18,1,0,10,17,59,393,42,115,69,1588,580,780,1419,4374
KARNATAKA,2002,84,234,4405,4113,22,28,37,56,1,0,0,1,4,15,5,382,0,2,46,4,10,31,1342,1599,57,662,645,7663,178,972,6480,13818
KERALA,2002,22,126,2600,1594,7,37,0,120,2,0,0,10,0,1,1,304,0,3,18,5,27,35,649,299,79,408,1356,3411,137,610,4624,5743
MADHYA PRADESH,2002,53,140,10043,7756,23,257,20,479,0,7,0,17,1,48,7,1299,0,1,14,7,3,51,1070,1468,56,1325,2190,9733,136,1829,13344,20759
MAHARASHTRA,2002,154,419,9525,6754,91,264,0,508,0,1,0,2,9,46,3,2930,6,9,197,136,63,159,2532,2693,225,1238,2214,24583,548,2136,14471,37606
MANIPUR,2002,3,1,22,38,0,5,0,7,0,0,0,0,0,0,0,0,0,0,0,0,0,0,15,96,0,0,7,114,3,6,44,255
MEGHALAYA,2002,14,13,59,166,29,38,0,12,0,0,0,0,0,0,0,0,0,0,0,0,1,7,10,15,20,51,85,199,64,109,154,392
MIZORAM,2002,1,2,196,397,3,2,0,3,0,0,0,0,0,0,0,0,0,0,0,0,0,0,185,244,1,3,65,355,5,7,446,999
NAGALAND,2002,10,25,47,111,3,44,0,10,0,0,0,0,0,0,1,0,0,0,0,0,4,9,39,38,4,32,41,98,21,110,128,257
ODISHA,2002,94,223,1957,1760,33,213,6,92,0,0,0,0,2,16,0,486,2,6,12,0,12,144,427,470,103,343,482,2460,246,945,2884,5268
PUNJAB,2002,17,17,1130,565,0,5,0,894,0,0,0,2,0,0,0,27,3,18,19,0,3,19,506,161,27,51,273,1314,50,110,1928,2963
RAJASTHAN,2002,6,27,3902,3054,17,72,0,80,0,0,0,0,2,8,3,733,0,0,39,1,6,16,1489,1039,16,611,1228,11406,47,734,6661,16313
SIKKIM,2002,0,1,41,18,0,0,0,1,0,0,0,0,0,0,0,0,0,0,0,0,0,1,3,0,0,3,22,45,0,5,66,64
TAMIL NADU,2002,64,193,3539,4180,36,65,0,78,0,0,0,44,0,21,6,231,0,2,48,42,10,41,553,2845,66,331,1387,11335,176,653,5533,18755
UTTAR PRADESH,2002,259,381,4480,6588,63,1322,0,3096,0,3,0,0,15,46,1,2845,3,17,6,4,5,11,280,815,207,1060,1359,9071,552,2840,6126,22419
UTTARAKHAND,2002,23,46,364,461,2,65,0,122,0,0,0,0,0,1,0,47,1,1,1,2,0,10,73,184,6,54,116,549,32,177,554,1365
WEST BENGAL,2002,55,64,199,4613,21,40,0,7,0,0,0,0,8,31,0,529,9,6,2,3,16,52,47,1339,95,351,100,5958,204,544,348,12449
TOTAL (STATES),2002,2811,3696,63360,66120,884,4139,325,6634,6,11,2,89,159,416,167,13382,67,123,508,500,418,997,13815,21197,1671,8783,15115,120280,6016,18165,93292,228202
A & N ISLANDS,2002,0,0,44,16,0,0,0,0,0,0,0,3,0,0,0,0,0,0,0,0,0,0,5,0,1,7,0,30,1,7,49,49
CHANDIGARH,2002,0,2,207,586,0,0,0,0,0,0,0,0,0,0,0,0,0,0,3,1,1,1,92,65,0,23,34,995,1,26,336,1647
D & N HAVELI,2002,3,1,12,47,0,0,0,0,0,0,0,0,0,0,0,0,0,0,0,0,0,0,22,16,0,0,4,12,3,1,38,75
DAMAN & DIU,2002,1,0,34,2,0,0,0,0,1,0,0,1,0,0,0,0,0,0,0,0,0,0,16,6,0,1,6,47,2,1,56,56
DELHI,2002,26,99,1675,4665,1,19,0,48,0,0,0,0,1,9,0,1345,1,0,0,0,3,34,454,1594,15,341,231,8973,47,502,2360,16625
LAKSHADWEEP,2002,0,0,4,3,0,0,0,0,0,0,0,0,0,0,0,0,0,0,1,0,0,0,4,9,0,0,0,0,0,0,9,12
PUDUCHERRY,2002,1,2,70,45,0,0,0,0,0,0,0,0,0,0,0,0,0,0,0,0,0,1,32,16,1,3,27,465,2,6,129,526
TOTAL (UTs),2002,31,104,2046,5364,1,19,0,48,1,0,0,4,1,9,0,1345,1,0,4,1,4,36,625,1706,17,375,302,10522,56,543,2977,18990
TOTAL (ALL-INDIA),2002,2842,3800,65406,71484,885,4158,325,6682,7,11,2,93,160,425,167,14727,68,123,512,501,422,1033,14440,22903,1688,9158,15417,130802,6072,18708,96269,247192
ANDHRA PRADESH,2003,86,254,6504,7487,34,120,20,130,1,1,0,72,8,43,2,1151,1,1,5,5,5,16,1330,2991,41,225,1189,11572,176,660,9050,23408
ARUNACHAL PRADESH,2003,19,29,139,173,2,3,3,18,0,0,0,0,0,0,0,0,0,0,0,0,0,9,34,53,16,19,77,126,37,60,253,370
ASSAM,2003,302,158,1548,2432,48,95,50,167,4,0,1,2,0,0,5,35,0,0,0,0,20,65,628,1257,97,205,374,1632,471,523,2606,5525
BIHAR,2003,757,336,2087,3663,163,1055,18,275,1,2,0,1,79,65,6,1344,10,10,6,6,58,95,285,882,153,900,584,3953,1221,2463,2986,10124
CHHATTISGARH,2003,56,39,2814,1116,6,19,0,47,0,0,0,0,11,9,0,297,0,1,7,6,3,4,225,175,64,259,575,2529,140,331,3621,4170
GOA,2003,2,5,126,74,0,1,0,4,0,0,0,1,0,0,0,5,0,0,2,1,0,1,95,35,3,14,34,344,5,21,257,464
GUJARAT,2003,90,233,3774,4150,62,123,5,148,0,2,2,6,10,89,0,1178,4,2,33,25,40,137,930,2356,132,681,1100,11441,338,1267,5844,19304
HARYANA,2003,9,20,1868,2163,9,48,91,171,0,0,0,0,1,2,0,149,1,6,21,2,7,34,553,479,36,171,448,2627,63,281,2981,5591
HIMACHAL PRADESH,2003,0,1,328,62,1,3,0,51,0,0,0,0,0,0,0,0,2,1,8,0,0,1,163,28,5,13,208,486,8,19,707,627
JAMMU & KASHMIR,2003,12,46,855,498,0,0,9,16,0,0,0,0,0,0,0,0,2,4,2,0,0,4,298,218,9,100,362,1217,23,154,1526,1949
JHARKHAND,2003,334,190,1269,2300,245,475,0,298,0,0,0,6,3,1,10,40,10,12,4,58,19,20,68,514,91,166,117,939,702,864,1468,4155
KARNATAKA,2003,75,173,4036,3465,29,39,0,30,0,0,0,2,7,10,0,557,1,3,33,138,15,72,1149,1348,93,564,837,8640,220,861,6055,14180
KERALA,2003,22,186,2569,1778,9,32,8,48,0,0,0,5,0,5,2,158,0,0,12,0,28,59,766,273,83,352,1052,2629,142,634,4409,4891
MADHYA PRADESH,2003,41,105,9507,8347,27,234,36,509,0,4,0,21,2,45,17,1421,0,3,14,8,27,50,1020,1274,56,1137,2290,8842,153,1578,12884,20422
MAHARASHTRA,2003,155,376,9234,7027,59,227,0,483,0,2,0,8,2,50,3,2743,2,10,96,44,27,197,2538,5545,269,1234,2021,21248,514,2096,13892,37098
MANIPUR,2003,0,2,36,52,1,0,0,4,0,0,0,0,0,0,0,0,0,0,0,0,0,0,20,7,2,4,12,189,3,6,68,252
MEGHALAYA,2003,23,33,84,158,28,44,0,4,0,0,0,0,0,0,0,0,1,0,0,0,4,13,7,1,27,43,69,197,83,133,160,360
MIZORAM,2003,1,2,275,617,4,17,0,5,0,0,0,0,0,0,0,0,0,0,1,0,0,0,145,351,0,2,66,330,5,21,487,1303
NAGALAND,2003,8,51,42,131,11,12,0,14,0,0,0,0,0,8,0,0,0,0,0,0,0,10,19,19,0,11,34,57,19,92,95,221
ODISHA,2003,74,212,1845,1958,21,163,0,26,0,0,0,0,1,26,0,477,2,4,14,0,15,106,411,346,65,364,691,2552,178,875,2961,5359
PUNJAB,2003,5,11,1085,772,0,7,1,31,0,0,0,0,0,2,0,26,1,7,30,2,0,9,442,432,24,72,536,1935,30,108,2094,3198
RAJASTHAN,2003,9,24,3385,2283,6,71,0,106,0,0,0,0,6,8,0,535,0,0,0,0,1,41,1529,605,14,511,1158,12927,36,655,6072,16456
SIKKIM,2003,1,0,37,32,1,3,0,0,0,0,0,0,0,0,0,0,0,0,0,1,0,0,8,15,0,0,3,17,2,3,48,65
TAMIL NADU,2003,25,165,3268,5555,20,49,4,50,0,1,0,2,2,15,0,224,1,3,15,1,5,25,530,2154,42,256,1032,10227,95,514,4849,18213
TRIPURA,2003,26,45,130,190,0,6,0,0,0,0,0,0,0,0,20,25,10,18,17,61,0,0,0,0,0,0,0,0,36,69,167,276
UTTAR PRADESH,2003,143,215,2702,3892,69,957,56,2634,0,0,0,0,14,48,0,2487,4,10,0,0,11,24,244,349,76,734,1014,6389,317,1988,4016,15751
UTTARAKHAND,2003,16,35,357,581,0,57,3,40,0,0,0,0,0,0,0,48,0,3,3,0,3,6,99,201,7,59,95,498,26,160,557,1368
WEST BENGAL,2003,70,90,214,5890,15,44,0,19,0,0,0,2,10,28,0,404,10,3,0,3,15,30,32,1598,97,403,96,4697,217,598,342,12613
TOTAL (STATES),2003,2361,3036,60118,66846,870,3904,304,5328,6,12,3,128,156,454,65,13304,62,101,323,361,303,1028,13568,23506,1502,8499,16074,118240,5260,17034,90455,227713
A & N ISLANDS,2003,0,0,36,14,0,0,0,0,0,0,0,3,0,0,0,0,0,0,0,0,0,0,10,2,2,7,10,41,2,7,56,60
CHANDIGARH,2003,0,2,120,209,0,0,0,0,0,0,0,0,0,0,0,0,0,0,2,1,0,2,59,65,3,8,23,963,3,12,204,1238
D & N HAVELI,2003,2,0,20,19,0,4,0,0,0,0,0,0,0,0,0,0,0,0,0,0,0,1,14,23,2,1,7,19,4,6,41,61
DAMAN & DIU,2003,0,0,19,3,0,0,0,0,0,0,0,0,0,0,0,0,0,0,0,0,4,0,12,8,0,1,10,35,4,1,41,46
DELHI,2003,9,105,1292,4998,7,203,0,129,0,0,0,0,0,14,0,1095,0,0,0,10,5,33,324,1407,7,86,282,7905,28,441,1898,15544
LAKSHADWEEP,2003,0,0,1,1,0,0,0,0,0,0,0,0,0,0,0,0,0,0,0,0,0,0,1,2,0,0,4,5,0,0,6,8
PUDUCHERRY,2003,0,2,71,57,0,0,0,0,0,0,0,1,0,0,0,0,0,0,0,0,0,0,37,45,2,9,18,464,2,11,126,567
TOTAL (UTs),2003,11,109,1559,5301,7,207,0,129,0,0,0,4,0,14,0,1095,0,0,2,11,9,36,457,1552,16,112,354,9432,43,478,2372,17524
TOTAL (ALL-INDIA),2003,2372,3145,61677,72147,877,4111,304,5457,6,12,3,132,156,468,65,14399,62,101,325,372,312,1064,14025,25058,1518,8611,16428,127672,5303,17512,92827,245237
ANDHRA PRADESH,2004,120,257,6249,7710,51,126,23,333,0,2,0,71,4,21,19,851,0,0,25,93,4,18,1083,2656,20,172,1058,11864,199,596,8457,23578
ARUNACHAL PRADESH,2004,8,12,94,147,3,4,1,9,0,0,0,0,0,0,0,0,0,0,0,0,1,7,44,56,18,22,76,176,30,45,215,388
ASSAM,2004,208,131,1485,2772,49,123,20,73,2,0,1,10,2,6,4,110,0,0,0,0,38,81,333,633,61,164,701,2268,360,505,2544,5866
BIHAR,2004,775,282,2246,4481,205,1396,13,440,1,0,0,1,72,79,46,1447,29,25,0,2,36,120,117,857,201,1084,753,3885,1319,2986,3175,11113
CHHATTISGARH,2004,53,59,2855,1426,12,33,4,16,2,0,0,1,3,13,0,249,1,1,3,79,3,10,375,429,32,247,483,2814,106,363,3720,5014
GOA,2004,1,6,129,57,3,1,0,4,0,2,0,0,0,0,0,3,0,1,1,2,1,3,72,70,0,5,59,367,5,18,261,503
GUJARAT,2004,97,227,3705,3825,76,114,1,118,1,0,0,9,5,109,0,517,3,3,15,18,36,83,1039,2223,142,600,1068,11841,360,1136,5828,18551
HARYANA,2004,9,35,1894,2266,11,41,0,264,1,4,0,0,0,3,2,180,1,4,26,1,5,33,478,696,25,124,386,3151,52,244,2786,6558
HIMACHAL PRADESH,2004,0,6,332,47,0,2,0,26,0,0,0,0,0,0,0,0,0,1,14,0,0,1,165,84,1,15,255,486,1,25,766,643
JAMMU & KASHMIR,2004,10,32,904,412,0,1,5,15,0,0,0,0,0,0,0,0,3,3,8,0,0,2,260,116,15,91,243,1396,28,129,1420,1939
JHARKHAND,2004,285,367,1290,1937,208,230,0,214,0,0,0,0,27,33,0,242,8,18,1,0,10,17,59,393,42,115,69,1588,580,780,1419,4374
KARNATAKA,2004,37,178,3821,3479,35,40,0,50,1,0,0,3,1,6,5,651,0,6,26,6,8,38,1123,1603,95,756,1118,10301,177,1024,6093,16093
KERALA,2004,25,161,2379,1528,11,43,4,71,0,0,0,1,2,8,3,122,0,16,69,49,17,45,825,263,74,366,1300,3206,129,639,4580,5240
MADHYA PRADESH,2004,58,171,9524,8114,23,200,10,523,0,1,0,56,0,45,4,1737,0,2,10,9,5,40,1336,1751,61,1067,1424,10396,147,1526,12308,22586
MAHARASHTRA,2004,172,346,8869,8350,88,269,39,771,0,0,0,7,5,47,1,2946,9,1,78,81,64,143,3086,3015,291,1423,2586,28782,629,2229,14659,43952
MANIPUR,2004,0,0,16,19,0,1,0,0,0,0,0,0,0,0,0,0,0,0,0,0,0,0,44,105,2,2,6,120,2,3,66,244
MEGHALAYA,2004,30,13,112,116,17,17,0,1,0,0,0,0,0,0,0,0,0,0,0,0,30,40,29,221,14,11,1,80,91,81,142,418
MIZORAM,2004,5,3,120,310,1,1,0,1,0,0,0,0,0,0,0,0,0,0,0,0,2,0,30,199,2,2,100,100,10,6,250,610
NAGALAND,2004,3,48,44,95,2,5,0,0,0,0,0,0,0,0,0,0,0,0,0,0,4,27,11,79,5,37,15,81,14,117,70,255
ODISHA,2004,95,145,1928,2472,24,210,1,35,0,0,0,0,1,14,1,355,2,0,9,0,28,81,442,625,88,502,611,2480,238,952,2992,5967
PUNJAB,2004,5,6,879,638,1,6,0,21,0,0,0,0,0,1,0,30,2,5,28,0,1,7,450,439,8,61,409,1459,17,86,1766,2587
RAJASTHAN,2004,3,26,3405,2585,21,87,0,87,0,0,0,0,0,3,1,543,0,3,11,1,0,13,1364,1632,34,541,1130,13994,58,673,5911,18842
SIKKIM,2004,0,2,38,33,0,0,0,15,0,0,0,0,0,0,0,0,0,0,0,0,0,0,14,4,0,3,12,21,0,5,64,73
TAMIL NADU,2004,21,157,2763,4105,14,35,4,69,0,0,0,5,1,8,4,288,0,4,5,4,3,29,569,2283,33,231,802,10776,72,464,4147,17530
TRIPURA,2004,20,29,132,168,0,2,0,15,0,0,0,0,0,0,0,0,0,0,0,0,0,0,0,0,7,15,34,77,27,46,166,260
UTTAR PRADESH,2004,164,294,3878,6526,78,1312,17,4216,0,3,0,0,14,40,1,1970,2,6,0,0,20,55,327,480,100,896,1076,9332,378,2606,5299,22524
UTTARAKHAND,2004,16,28,339,469,6,54,0,47,0,0,0,0,0,0,0,54,2,1,0,0,1,2,136,143,12,80,91,884,37,165,566,1597
WEST BENGAL,2004,84,102,341,7044,26,55,0,65,0,0,0,0,9,24,0,394,7,2,0,0,32,66,31,865,54,286,175,6097,212,535,547,14465
TOTAL (STATES),2004,2304,3123,59771,71131,965,4408,142,7499,8,12,1,164,146,460,91,12689,69,102,329,345,349,961,13842,21920,1437,8918,16041,138022,5278,17984,90217,251770
A & N ISLANDS,2004,0,1,47,20,0,0,0,0,0,0,1,6,0,0,0,0,0,0,1,0,0,1,15,9,0,1,5,68,0,3,69,103
CHANDIGARH,2004,0,0,122,385,0,0,0,0,0,0,0,0,0,0,0,0,0,0,1,0,0,0,62,135,0,6,1,939,0,6,186,1459
D & N HAVELI,2004,3,1,7,24,0,0,0,0,0,0,0,0,0,0,0,0,0,0,1,0,0,1,9,13,0,0,3,16,3,2,20,53
DAMAN & DIU,2004,0,0,13,0,0,0,0,0,0,0,0,1,0,0,0,0,0,0,1,0,0,1,21,6,0,0,0,20,0,1,35,27
DELHI,2004,16,95,1301,4877,0,6,0,318,0,0,0,0,1,4,3,1063,0,0,0,0,9,38,293,2981,4,318,278,9755,30,461,1875,18994
LAKSHADWEEP,2004,0,0,0,0,0,0,0,0,0,0,0,0,0,0,0,0,0,0,0,0,0,0,0,0,0,0,2,5,0,0,2,5
PUDUCHERRY,2004,0,0,56,83,0,0,0,0,0,0,0,0,0,0,0,0,0,0,0,0,0,0,21,68,0,1,9,483,0,1,86,634
TOTAL (UTs),2004,19,97,1546,5389,0,6,0,318,0,0,1,7,1,4,3,1063,0,0,4,0,9,41,421,3212,4,326,298,11286,33,474,2273,21275
TOTAL (ALL-INDIA),2004,2323,3220,61317,76520,965,4414,142,7817,8,12,2,171,147,464,94,13752,69,102,333,345,358,1002,14263,25132,1441,9244,16339,149308,5311,18458,92490,273045
ANDHRA PRADESH,2005,109,262,5502,6920,59,165,2,150,0,0,0,4,3,9,0,797,2,0,21,9,14,27,1279,1872,63,331,1150,14026,250,794,7954,23778
ARUNACHAL PRADESH,2005,10,18,142,241,0,5,0,10,0,0,0,0,0,0,0,0,0,0,0,0,5,13,72,99,8,41,49,181,23,77,263,531
ASSAM,2005,213,128,1145,2845,43,76,24,214,1,5,0,4,2,16,2,66,3,0,1,2,14,29,501,1054,58,197,582,2184,334,451,2255,6369
BIHAR,2005,768,258,2346,5369,173,1032,8,211,0,1,0,1,44,68,13,1198,16,7,3,3,38,67,139,887,173,941,608,3143,1212,2374,3117,10812
CHHATTISGARH,2005,78,59,3098,1401,3,42,4,144,0,1,0,0,25,20,10,275,3,3,26,7,6,12,263,498,89,264,220,3275,204,401,3621,5600
GOA,2005,0,3,125,70,0,7,0,9,0,0,0,0,0,0,1,7,0,2,3,1,1,5,88,70,1,11,48,338,2,28,265,495
GUJARAT,2005,82,175,3306,4137,44,104,5,95,0,1,0,28,2,47,0,917,0,1,14,22,40,71,996,3021,114,567,1011,9744,282,966,5332,17964
HARYANA,2005,13,49,2416,2121,11,67,0,210,0,0,0,0,1,5,3,195,3,9,21,2,9,28,589,1142,51,232,408,5024,88,390,3437,8694
HIMACHAL PRADESH,2005,1,7,308,126,1,4,0,26,0,0,0,0,0,0,0,0,0,0,15,0,0,4,184,51,4,7,189,493,6,22,696,696
JAMMU & KASHMIR,2005,4,40,636,488,0,0,0,34,0,0,0,0,0,0,0,0,0,8,1,0,0,8,311,126,9,60,449,1253,13,116,1397,1901
JHARKHAND,2005,254,118,1374,3554,188,430,0,96,0,0,0,0,7,7,4,162,17,8,1,4,14,21,126,857,112,148,105,1522,592,732,1610,6195
KARNATAKA,2005,48,160,3846,3661,28,31,1,54,0,0,0,5,1,8,5,480,1,1,28,7,12,67,970,1829,118,935,1136,10972,208,1202,5986,17008
KERALA,2005,33,155,2285,1664,10,32,0,98,0,0,0,2,0,3,1,158,1,1,6,1,15,55,773,393,51,375,1045,3138,110,621,4110,5454
MADHYA PRADESH,2005,45,154,8020,6560,19,214,2,249,0,1,0,35,1,34,8,1673,0,3,12,11,5,65,1312,2190,77,1086,1838,9967,147,1557,11192,20685
MAHARASHTRA,2005,195,328,9401,8032,65,252,45,649,0,2,0,10,11,50,3,2655,10,9,75,28,75,178,2925,3398,285,1592,3166,32079,641,2411,15615,46851
MANIPUR,2005,0,1,15,29,4,2,1,16,0,0,0,0,0,0,0,0,0,0,0,2,0,0,31,96,0,5,15,100,4,8,62,243
MEGHALAYA,2005,20,15,82,133,32,37,0,10,0,0,0,0,0,0,0,0,1,0,2,0,9,3,20,20,19,40,44,313,81,95,148,476
MIZORAM,2005,0,0,0,0,0,0,0,0,0,0,0,0,0,0,0,0,0,0,0,0,0,0,0,0,3,6,442,777,3,6,442,777
NAGALAND,2005,1,13,51,101,8,28,0,61,0,0,0,0,0,0,0,0,0,2,0,8,0,2,25,41,3,35,17,83,12,80,93,294
ODISHA,2005,86,197,1926,1700,37,347,0,74,0,2,0,0,1,147,13,404,5,9,82,0,24,157,527,1576,31,139,481,2989,184,998,3029,6743
PUNJAB,2005,6,34,1048,716,1,1,0,32,0,0,0,0,1,0,0,29,1,4,28,1,0,11,483,374,18,35,374,1772,27,85,1933,2924
RAJASTHAN,2005,2,13,3058,2355,8,35,0,63,0,0,0,6,1,4,0,459,0,4,33,0,4,6,1247,1528,26,528,889,13487,41,590,5227,17898
SIKKIM,2005,2,3,47,27,0,0,0,0,0,0,0,0,0,0,0,0,0,0,0,0,0,0,15,3,0,1,23,51,2,4,85,81
TAMIL NADU,2005,26,114,2353,4179,17,26,1,115,0,0,0,6,1,3,5,169,0,0,17,4,1,27,451,1995,28,267,911,9383,73,437,3738,15851
TRIPURA,2005,17,36,110,184,0,2,0,0,0,0,0,0,0,0,0,0,0,0,0,0,0,4,41,61,5,19,19,80,22,61,170,325
UTTAR PRADESH,2005,129,197,3067,4338,55,1034,0,4129,0,0,0,0,10,32,4,1108,1,11,1,1,11,21,299,904,80,754,1185,10215,286,2049,4556,20695
UTTARAKHAND,2005,22,39,349,682,11,57,0,33,0,0,0,0,0,0,0,0,1,1,0,1,3,2,115,108,11,60,57,806,48,159,521,1630
WEST BENGAL,2005,90,100,306,7671,20,47,1,110,0,0,0,0,4,7,0,676,7,2,4,0,30,39,53,1031,60,231,375,2636,211,426,739,12124
TOTAL (STATES),2005,2254,2676,56362,69304,837,4077,94,6892,1,13,0,101,115,460,72,11428,72,85,394,114,330,922,13835,25224,1497,8907,16836,140031,5106,17140,87593,253094
A & N ISLANDS,2005,0,1,68,20,0,0,0,0,0,0,0,0,0,0,0,0,0,0,0,0,0,0,0,31,0,3,0,41,0,4,68,92
CHANDIGARH,2005,0,0,134,216,0,0,0,0,0,0,0,0,0,0,0,0,0,0,3,0,0,0,86,173,0,12,0,984,0,12,223,1373
D & N HAVELI,2005,0,0,11,16,0,0,0,0,0,0,0,1,0,0,0,0,0,0,0,0,2,0,11,29,1,2,3,28,3,2,25,74
DAMAN & DIU,2005,0,0,18,0,0,0,0,0,0,0,0,0,0,0,0,0,0,0,1,0,0,0,13,13,4,0,5,37,4,0,37,50
DELHI,2005,12,91,1485,1453,0,1,0,133,0,0,0,0,0,9,0,648,1,0,0,0,6,38,394,333,8,371,214,15388,27,510,2093,17955
LAKSHADWEEP,2005,0,0,2,0,0,0,0,0,0,0,0,0,0,0,0,0,0,0,0,0,0,0,0,0,0,0,0,7,0,0,2,7
PUDUCHERRY,2005,1,1,38,84,0,0,0,0,0,0,0,0,0,0,0,0,0,0,0,0,0,0,15,38,0,4,14,344,1,5,67,466
TOTAL (UTs),2005,13,93,1756,1789,0,1,0,133,0,0,0,1,0,9,0,648,1,0,4,0,8,38,519,617,13,392,236,16829,35,533,2515,20017
TOTAL (ALL-INDIA),2005,2267,2769,58118,71093,837,4078,94,7025,1,13,0,102,115,469,72,12076,73,85,398,114,338,960,14354,25841,1510,9299,17072,156860,5141,17673,90108,273111
ANDHRA PRADESH,2006,77,223,6191,9766,42,101,50,330,0,3,0,18,7,15,0,621,0,0,24,3,10,32,1124,2970,42,305,915,9802,178,679,8304,23510
ARUNACHAL PRADESH,2006,15,30,113,193,3,12,0,10,0,0,0,0,0,0,0,0,0,0,1,0,3,12,54,67,7,20,89,181,28,74,257,451
ASSAM,2006,208,195,1690,3645,36,91,42,95,1,3,0,2,6,4,57,603,5,13,0,1,15,70,415,975,48,168,707,2499,319,544,2911,7820
BIHAR,2006,688,240,2759,5640,109,1024,147,650,0,0,0,0,51,72,13,1351,6,3,2,18,41,63,153,944,106,767,457,3149,1001,2169,3531,11752
CHHATTISGARH,2006,77,74,2828,1343,24,70,20,55,1,0,0,1,1,6,0,237,0,4,10,7,5,4,254,381,52,281,395,3238,160,439,3507,5262
GOA,2006,5,4,121,66,0,3,0,5,0,0,0,1,0,0,0,2,0,0,7,1,0,2,75,38,2,8,49,381,7,17,252,494
GUJARAT,2006,77,192,3241,4060,51,96,26,81,1,0,0,9,4,58,0,813,0,0,29,18,28,103,1109,2859,129,521,1125,10635,290,970,5530,18475
HARYANA,2006,17,53,2906,2206,32,72,5,205,0,1,0,0,3,6,0,267,2,0,20,7,12,43,799,1630,38,235,271,6203,104,410,4001,10518
HIMACHAL PRADESH,2006,1,2,370,84,2,4,0,13,0,0,0,0,0,0,0,0,0,0,12,1,0,0,180,113,4,23,192,601,7,29,754,812
JAMMU & KASHMIR,2006,4,30,583,365,0,0,0,91,0,0,0,0,0,0,0,0,0,1,2,0,0,12,265,178,6,69,501,1303,10,112,1351,1937
JHARKHAND,2006,223,165,1208,2624,171,337,24,65,0,0,0,0,34,70,0,351,9,4,1,6,24,40,90,648,75,163,105,2479,536,779,1428,6173
KARNATAKA,2006,63,217,4126,3429,14,55,14,91,0,0,0,8,3,11,2,407,1,8,37,4,22,89,1221,1951,99,969,567,9011,202,1349,5967,14901
KERALA,2006,32,192,2281,1628,13,29,0,76,1,0,0,1,0,6,3,153,2,1,53,2,14,48,782,595,67,415,1126,2976,129,691,4245,5431
MADHYA PRADESH,2006,66,252,8299,7099,23,221,25,332,0,0,6,28,1,34,2,1402,1,2,17,3,7,47,1166,1915,53,1214,1445,10954,151,1770,10960,21733
MAHARASHTRA,2006,162,331,9490,7735,64,282,78,478,1,0,0,7,16,62,1,2788,5,9,87,31,82,171,3471,3606,333,1719,2750,31828,663,2574,15877,46473
MANIPUR,2006,0,0,12,48,1,3,0,5,0,0,0,0,0,0,0,0,0,0,0,0,0,0,36,7,1,5,7,230,2,8,55,290
MEGHALAYA,2006,18,17,58,153,21,24,0,39,0,0,0,0,0,0,0,0,0,0,0,0,1,0,21,27,17,24,61,251,57,65,140,470
MIZORAM,2006,0,0,136,170,0,1,126,144,7,3,0,5,0,0,0,0,0,0,0,0,0,0,84,200,0,6,76,239,7,10,422,758
NAGALAND,2006,1,14,44,96,7,16,0,1,0,0,0,0,0,0,0,2,0,0,0,0,1,16,10,37,7,38,16,191,16,84,70,327
ODISHA,2006,84,176,1880,1334,76,498,2,3,0,0,0,0,2,13,36,409,27,3,23,0,2,103,591,286,48,391,588,4535,239,1184,3120,6567
PUNJAB,2006,12,36,1206,1245,1,3,1,49,0,0,0,2,0,1,0,51,1,9,30,9,7,21,452,486,14,72,588,2104,35,142,2277,3946
RAJASTHAN,2006,5,26,2949,2590,9,56,0,130,0,0,0,7,1,7,0,412,0,2,21,0,2,18,1128,1480,20,522,987,13270,37,631,5085,17889
SIKKIM,2006,0,2,55,57,0,0,0,0,0,0,0,0,0,0,0,0,0,0,0,0,0,0,13,9,0,7,16,47,0,9,84,113
TAMIL NADU,2006,32,188,2230,3224,11,23,2,111,0,0,0,10,1,3,2,155,0,1,7,4,6,23,454,1676,45,212,605,8471,95,450,3300,13651
TRIPURA,2006,8,25,101,210,3,4,0,5,0,0,0,0,0,0,0,0,0,0,0,0,3,4,42,68,4,38,39,109,18,71,182,392
UTTAR PRADESH,2006,95,131,3138,4869,42,864,0,6037,0,0,0,0,5,22,0,761,3,6,0,0,6,11,280,640,67,990,1159,8140,218,2024,4577,20447
UTTARAKHAND,2006,22,24,349,450,2,36,0,18,0,0,0,0,0,0,0,65,0,1,0,0,0,5,52,109,7,91,69,1054,31,157,470,1696
WEST BENGAL,2006,55,47,273,5664,19,60,1,32,0,0,0,0,7,15,0,1021,10,2,4,7,28,36,29,1679,58,266,294,4129,177,426,601,12532
TOTAL (STATES),2006,2047,2886,58637,69993,776,3985,563,9151,12,10,6,99,142,405,116,11871,72,69,387,122,319,973,14350,25574,1349,9539,15199,138010,4717,17867,89258,254820
A & N ISLANDS,2006,0,0,50,16,0,0,0,0,0,0,0,15,0,0,0,0,0,0,0,1,0,0,12,7,0,5,20,62,0,5,82,101
CHANDIGARH,2006,0,2,107,489,0,0,0,0,0,0,0,0,0,0,0,0,1,0,0,0,0,4,72,378,0,28,10,367,1,34,189,1234
D & N HAVELI,2006,2,4,15,15,0,0,0,0,0,0,0,2,0,0,0,0,0,0,0,1,1,0,16,7,2,1,10,36,5,5,41,61
DAMAN & DIU,2006,3,0,24,2,0,0,0,0,0,0,0,0,0,0,0,0,0,0,0,0,1,1,29,14,4,0,7,47,8,1,60,63
DELHI,2006,4,60,1096,4383,0,2,0,0,0,0,0,0,0,2,0,947,0,1,6,2,5,29,216,653,5,447,632,11513,14,541,1950,17498
LAKSHADWEEP,2006,0,0,2,13,0,0,0,0,0,0,0,0,0,0,0,0,0,0,0,0,0,0,0,0,0,0,0,4,0,0,2,17
PUDUCHERRY,2006,2,1,50,78,0,0,0,0,0,0,0,0,0,0,0,0,0,0,0,0,0,1,27,42,0,1,7,440,2,3,84,560
TOTAL (UTs),2006,11,67,1344,4996,0,2,0,0,0,0,0,17,0,2,0,947,1,1,6,4,7,35,372,1101,11,482,686,12469,30,589,2408,19534
TOTAL (ALL-INDIA),2006,2058,2953,59981,74989,776,3987,563,9151,12,10,6,116,142,407,116,12818,73,70,393,126,326,1008,14722,26675,1360,10021,15885,150479,4747,18456,91666,274354
ANDHRA PRADESH,2007,53,221,5208,9117,35,101,31,133,0,0,0,42,3,12,0,751,0,4,17,26,2,19,1085,2395,77,257,1336,11927,170,614,7677,24391
ARUNACHAL PRADESH,2007,5,30,110,232,2,6,0,23,0,0,0,0,0,0,0,0,0,0,0,0,1,18,65,82,8,21,65,176,16,75,240,513
ASSAM,2007,182,140,1253,3233,38,64,157,385,1,3,11,2,3,13,5,72,0,0,0,34,19,76,395,930,56,200,782,3098,299,496,2603,7754
BIHAR,2007,422,282,2671,5629,117,890,2,403,1,0,0,1,35,45,10,1164,14,9,1,13,28,47,196,1144,69,514,379,3441,686,1787,3259,11795
CHHATTISGARH,2007,59,42,2853,1254,15,61,5,26,0,1,0,1,3,3,0,201,1,10,6,7,3,9,265,571,34,301,503,3321,115,427,3632,5381
GOA,2007,2,1,144,66,2,2,0,5,0,0,0,2,0,0,0,5,0,0,10,1,2,3,69,46,1,16,69,369,7,22,292,494
GUJARAT,2007,75,178,2956,4161,37,68,8,79,0,1,0,12,8,35,0,738,4,1,26,26,21,48,909,2652,100,764,971,10496,245,1095,4870,18164
HARYANA,2007,10,49,2921,1600,31,83,9,186,0,0,0,0,3,18,1,427,1,6,16,1,4,34,920,1707,90,312,364,7126,139,502,4231,11047
HIMACHAL PRADESH,2007,0,3,422,93,0,6,0,43,0,0,0,0,0,0,0,0,0,0,5,1,3,1,192,51,2,13,258,904,5,23,877,1092
JAMMU & KASHMIR,2007,11,45,755,368,0,3,0,0,0,0,0,0,0,0,5,470,0,5,3,5,0,21,366,172,7,37,331,1071,18,111,1460,2086
JHARKHAND,2007,256,149,1248,3050,161,348,1,63,0,0,0,0,23,24,37,417,8,4,1,4,9,44,91,874,67,202,117,2683,524,771,1495,7091
KARNATAKA,2007,51,185,3788,3753,22,56,3,110,0,0,0,2,3,21,0,367,1,5,34,19,7,81,1083,1934,94,965,541,8166,178,1313,5449,14351
KERALA,2007,17,172,2155,1876,21,30,0,53,1,0,0,2,0,6,1,158,3,0,31,1,8,52,822,425,71,609,1091,3094,121,869,4100,5609
MADHYA PRADESH,2007,45,119,8286,6754,15,238,19,455,0,2,6,27,3,22,2,1340,0,6,11,8,34,59,1386,2165,46,1529,1520,11647,143,1975,11230,22396
MAHARASHTRA,2007,127,263,9624,9069,79,237,12,447,3,1,0,10,12,68,0,2924,2,0,64,42,54,141,3027,3195,439,2060,2880,31994,716,2770,15607,47681
MANIPUR,2007,0,1,15,91,1,6,0,21,0,0,0,1,0,0,0,0,0,0,0,1,0,0,43,21,2,4,12,319,3,11,70,454
MEGHALAYA,2007,10,17,103,145,19,23,6,34,0,0,0,0,0,0,0,0,0,0,0,0,2,2,44,100,24,14,50,221,55,56,203,500
MIZORAM,2007,0,0,300,346,0,1,0,1,0,0,0,0,0,0,0,0,0,0,0,0,0,0,91,250,0,4,66,211,0,5,457,808
NAGALAND,2007,0,20,89,133,7,29,0,15,0,0,0,0,0,0,0,0,0,0,0,0,0,0,10,110,0,26,19,102,7,75,118,360
ODISHA,2007,76,139,1650,1864,50,409,131,37,0,0,0,43,2,9,0,291,9,10,12,0,41,103,498,332,69,603,782,4263,247,1273,3073,6830
PUNJAB,2007,6,18,1160,1557,3,7,1,39,0,0,0,0,0,0,3,34,2,3,15,132,8,9,661,655,18,101,776,2756,37,138,2616,5173
RAJASTHAN,2007,6,15,3105,2871,6,51,0,0,0,0,0,10,1,0,0,483,0,2,32,0,2,19,1164,1743,56,691,863,14238,71,778,5164,19345
SIKKIM,2007,0,6,49,67,0,0,0,0,0,0,0,0,0,0,0,0,0,0,0,0,0,0,13,29,0,0,21,22,0,6,83,118
TAMIL NADU,2007,24,146,2294,3312,14,46,1,145,1,0,0,9,2,4,4,144,0,0,23,38,8,26,504,2098,39,273,891,7471,88,495,3717,13217
TRIPURA,2007,2,25,119,215,1,0,0,0,0,0,0,0,0,0,0,0,0,0,0,0,0,6,27,30,11,33,47,166,14,64,193,411
UTTAR PRADESH,2007,130,167,3521,3563,47,792,0,8244,0,0,0,0,11,27,0,1279,1,6,1,0,12,77,291,1182,236,1100,1244,8548,437,2169,5057,22816
UTTARAKHAND,2007,20,29,366,894,17,56,0,26,0,0,0,0,0,1,0,19,2,1,0,0,2,3,77,221,5,83,105,433,46,173,548,1593
WEST BENGAL,2007,51,55,214,3372,8,44,0,48,0,0,0,2,10,13,3,739,8,5,0,1,14,43,21,1379,55,267,161,8206,146,427,399,13747
TOTAL (STATES),2007,1640,2517,57379,68685,748,3657,386,11021,7,8,17,166,122,321,71,12023,56,77,308,360,284,941,14315,26493,1676,10999,16244,146469,4533,18520,88720,265217
A & N ISLANDS,2007,0,0,59,22,0,0,0,0,0,0,0,0,0,0,0,0,0,0,0,1,0,0,10,31,5,9,21,58,5,9,90,112
CHANDIGARH,2007,0,0,55,471,0,0,0,0,0,0,0,0,0,0,0,0,0,0,2,0,0,0,119,501,2,37,15,768,2,37,191,1740
D & N HAVELI,2007,0,0,13,17,0,0,0,0,0,0,0,1,0,0,0,0,0,0,0,0,0,0,2,42,1,3,13,27,1,3,28,87
DAMAN & DIU,2007,0,0,11,9,0,0,0,0,0,0,0,0,0,0,0,0,0,1,0,0,1,0,34,3,2,1,1,31,3,2,46,43
DELHI,2007,10,45,1433,4113,0,6,0,0,0,0,0,0,1,2,1,739,0,0,0,5,3,30,287,1078,20,474,334,11102,34,557,2055,17037
LAKSHADWEEP,2007,0,0,2,4,0,0,0,0,0,0,0,0,0,0,0,0,0,0,0,0,0,0,0,16,0,0,0,0,0,0,2,20
PUDUCHERRY,2007,0,2,47,106,0,0,0,0,0,0,0,0,0,0,0,0,0,0,0,0,0,0,29,36,1,6,10,645,1,8,86,787
TOTAL (UTs),2007,10,47,1620,4742,0,6,0,0,0,0,0,1,1,2,1,739,0,1,2,6,4,30,481,1707,31,530,394,12631,46,616,2498,19826
TOTAL (ALL-INDIA),2007,1650,2564,58999,73427,748,3663,386,11021,7,8,17,167,123,323,72,12762,56,78,310,366,288,971,14796,28200,1707,11529,16638,159100,4579,19136,91218,285043
ANDHRA PRADESH,2008,45,226,6185,9532,28,91,0,305,0,0,0,1,0,6,1,799,0,0,18,28,3,25,931,2569,34,275,1197,12128,110,623,8332,25362
ARUNACHAL PRADESH,2008,3,22,96,135,0,8,0,7,0,0,0,0,0,0,0,0,0,0,0,0,4,28,74,66,7,21,75,237,14,79,245,445
ASSAM,2008,190,213,1643,3350,36,76,29,219,6,3,1,15,5,1,0,9,2,0,0,2,25,51,437,961,48,224,1037,3456,312,568,3147,8012
BIHAR,2008,412,244,2852,5833,99,724,0,232,0,21,0,1,25,36,0,868,12,4,3,11,35,57,202,1566,103,506,357,4695,686,1592,3414,13206
CHHATTISGARH,2008,36,58,3225,1404,10,101,2,5,0,0,0,1,0,3,0,210,0,8,12,8,1,17,269,466,77,313,604,3985,124,500,4112,6079
GOA,2008,0,3,173,81,1,1,0,2,0,0,0,4,0,0,0,8,0,0,2,0,1,0,98,47,1,19,29,459,3,23,302,601
GUJARAT,2008,87,201,2932,4194,34,58,7,79,1,2,0,4,4,13,0,779,0,2,20,19,25,133,949,2411,105,913,1145,13229,256,1322,5053,20715
HARYANA,2008,23,84,2800,2081,29,119,11,187,0,1,0,0,1,22,1,497,3,12,21,4,13,28,977,2562,51,289,439,7378,120,555,4249,12709
HIMACHAL PRADESH,2008,1,1,404,100,1,5,0,34,0,0,0,0,0,0,0,0,1,0,12,0,1,0,207,125,2,14,262,893,6,20,885,1152
JAMMU & KASHMIR,2008,0,18,703,629,0,4,4,2,0,0,0,96,0,6,0,62,0,0,0,0,0,7,280,338,3,32,360,1071,3,67,1347,2198
JHARKHAND,2008,164,166,1035,3181,154,380,0,290,0,0,0,2,19,18,0,110,4,7,0,1,13,27,154,1051,62,163,186,2634,416,761,1375,7269
KARNATAKA,2008,61,231,4469,3855,42,76,13,128,0,0,0,0,3,28,0,300,2,2,50,18,8,42,1012,1935,154,1236,714,11584,270,1615,6258,17820
KERALA,2008,13,215,2134,1569,11,27,0,74,0,0,0,2,1,1,1,151,0,0,16,0,13,40,700,452,53,533,1031,3570,91,816,3882,5818
MADHYA PRADESH,2008,48,89,7435,6513,14,250,15,567,0,1,2,66,4,20,6,1347,0,15,8,78,4,92,1774,3618,90,1767,1832,12394,160,2234,11072,24583
MAHARASHTRA,2008,147,302,10260,9501,78,262,0,174,3,0,1,25,19,63,1,3340,3,7,74,42,60,161,3052,3433,501,2236,2616,36345,811,3031,16004,52860
MANIPUR,2008,0,0,24,81,1,4,0,43,0,0,0,3,0,0,0,0,0,0,0,1,0,0,35,10,0,3,17,308,1,7,76,446
MEGHALAYA,2008,15,19,96,235,16,15,0,19,0,0,0,2,0,0,0,0,0,0,1,0,3,1,17,30,29,30,54,383,63,65,168,669
MIZORAM,2008,0,0,249,345,1,6,0,5,0,0,0,0,0,0,0,0,0,0,1,0,0,0,71,158,3,0,17,239,4,6,338,747
NAGALAND,2008,1,19,42,129,4,43,0,33,0,0,0,0,0,0,0,0,0,0,2,17,0,4,18,64,1,21,65,102,6,87,127,345
ODISHA,2008,97,236,1928,2020,52,420,28,141,0,0,0,5,1,18,3,430,8,5,18,0,47,107,484,909,100,559,639,3914,305,1345,3100,7419
PUNJAB,2008,9,21,1104,1569,2,6,1,40,0,0,0,0,1,1,0,45,0,1,21,2,0,13,606,780,28,125,889,3127,40,167,2621,5563
RAJASTHAN,2008,14,16,2795,3088,11,60,0,154,0,0,0,11,1,6,0,350,1,3,36,0,13,22,1137,443,24,722,768,16365,64,829,4736,20411
SIKKIM,2008,0,3,59,54,0,0,0,0,0,0,0,0,0,0,0,0,0,0,0,1,0,1,12,8,1,3,10,64,1,7,81,127
TAMIL NADU,2008,44,169,2466,3840,12,27,5,143,0,0,0,5,1,18,1,289,0,0,16,1,10,72,512,2051,33,376,849,8690,100,662,3849,15019
TRIPURA,2008,7,38,142,238,0,0,0,0,0,0,0,0,0,0,0,0,0,0,0,0,0,9,24,116,6,48,52,145,13,95,218,499
UTTAR PRADESH,2008,69,134,3676,3166,37,791,0,10223,0,0,0,0,18,40,4,1521,3,5,1,0,4,16,250,897,182,1111,1487,10139,313,2097,5418,25946
UTTARAKHAND,2008,8,10,150,551,0,53,0,7,0,0,0,0,0,2,0,13,0,2,1,2,6,2,84,121,2,75,188,928,16,144,423,1622
WEST BENGAL,2008,62,80,256,3924,17,71,2,67,0,0,0,0,3,15,1,680,4,0,1,1,16,54,34,1745,82,393,168,10917,184,613,462,17334
TOTAL (STATES),2008,1556,2818,59333,71198,690,3678,117,13180,10,28,4,243,106,317,19,11808,43,73,334,236,305,1009,14400,28932,1782,12007,17087,169379,4492,19930,91294,294976
A & N ISLANDS,2008,0,2,51,25,0,0,0,0,0,0,0,6,0,0,0,0,0,0,0,1,0,0,16,28,0,12,11,68,0,14,78,128
CHANDIGARH,2008,0,0,180,815,0,0,0,0,0,0,0,0,0,0,0,0,0,0,0,0,0,1,66,732,1,22,11,444,1,23,257,1991
D & N HAVELI,2008,1,0,26,25,0,0,0,1,0,0,0,2,0,0,0,0,0,0,0,1,0,0,18,18,0,0,5,7,1,0,49,54
DAMAN & DIU,2008,0,0,19,3,0,0,0,0,0,0,0,1,0,0,0,0,0,0,0,0,0,0,0,0,2,4,2,38,2,4,45,49
DAMAN & DIU,2008,0,0,19,3,0,0,0,0,0,0,0,1,0,0,0,0,0,0,0,0,0,0,24,7,2,4,2,38,2,4,45,49
DELHI,2008,4,64,1292,5106,0,7,0,0,0,0,0,0,1,2,1,821,0,2,0,14,3,34,278,1120,16,432,355,11806,24,541,1926,18867
LAKSHADWEEP,2008,0,0,2,3,0,0,0,0,0,0,0,1,0,0,0,0,0,0,0,1,0,0,1,1,0,0,0,2,0,0,3,8
PUDUCHERRY,2008,1,0,68,72,0,0,0,0,0,0,0,0,0,0,0,0,0,0,0,0,3,0,15,47,6,10,7,569,10,10,90,688
TOTAL (UTs),2008,6,64,1606,6027,0,7,0,1,0,0,0,5,1,2,1,821,0,2,0,16,6,35,402,1925,27,472,382,12904,40,582,2415,21706
TOTAL (ALL-INDIA),2008,6,66,1657,6052,0,7,0,1,0,0,0,11,1,2,1,821,0,2,0,17,6,35,418,1953,27,484,393,12972,40,596,2493,21834
ANDHRA PRADESH,2009,24,169,5499,9373,31,115,80,314,0,1,0,42,0,2,48,1347,1,2,23,74,6,14,686,2427,40,241,1436,11115,102,544,7772,24692
ARUNACHAL PRADESH,2009,11,12,99,140,1,5,0,7,0,0,0,0,0,0,0,0,0,0,0,0,0,8,27,48,8,30,75,186,20,55,201,381
ASSAM,2009,172,337,2166,4265,22,60,47,207,1,0,0,1,1,0,3,27,1,1,15,2,13,43,339,761,41,239,579,2381,251,680,3149,7644
BIHAR,2009,321,217,2601,5195,165,827,14,475,0,0,0,1,36,45,11,1273,7,2,0,0,24,57,272,1271,101,471,668,7006,654,1619,3566,15221
CHHATTISGARH,2009,56,47,3121,1187,17,115,33,33,0,0,0,1,0,6,0,272,1,6,5,14,0,8,306,441,60,372,510,3844,134,554,3975,5792
GOA,2009,3,3,190,115,1,3,0,9,0,0,0,0,0,1,0,6,0,1,3,0,0,2,64,69,0,20,37,659,4,30,294,858
GUJARAT,2009,79,132,2673,4407,15,60,5,202,0,1,0,8,8,11,0,615,1,5,20,24,18,69,787,1795,125,1142,1003,12618,246,1420,4488,19669
HARYANA,2009,27,99,2740,2711,37,113,0,226,0,0,0,0,5,18,0,467,3,9,37,60,9,33,733,2375,72,407,567,7078,153,679,4077,12917
HIMACHAL PRADESH,2009,1,1,367,153,0,1,0,25,0,0,0,0,0,0,0,2,0,3,17,0,0,1,126,63,3,15,274,580,4,21,784,823
JAMMU & KASHMIR,2009,0,7,677,627,0,1,0,31,0,0,0,0,0,0,1,14,0,0,1,0,0,3,305,238,1,58,582,1721,1,69,1566,2631
JHARKHAND,2009,206,128,1017,3462,116,360,7,651,0,0,0,0,14,19,0,310,7,3,0,1,18,76,188,1089,51,194,180,2203,412,780,1392,7716
KARNATAKA,2009,65,260,3258,5019,31,92,140,544,0,1,0,4,2,47,0,461,2,4,61,49,12,44,1058,2048,161,1377,2112,12451,273,1825,6629,20576
KERALA,2009,31,171,1974,1264,13,30,1,84,0,0,0,6,0,3,1,187,1,0,25,5,8,42,617,353,59,584,936,3665,112,830,3554,5564
MADHYA PRADESH,2009,32,395,7593,9437,22,300,18,470,0,0,0,91,1,43,30,1657,3,5,11,14,7,45,1120,1996,52,1482,1889,9595,117,2270,10661,23260
MAHARASHTRA,2009,159,388,9644,9470,88,314,11,242,1,2,3,66,22,82,5,3541,2,5,85,70,43,174,2629,3784,465,2349,3464,33757,780,3314,15841,50930
MANIPUR,2009,1,0,15,107,0,0,0,59,0,0,0,0,0,0,0,0,0,0,0,1,0,0,33,2,0,3,20,225,1,3,68,394
MEGHALAYA,2009,21,16,101,159,18,29,0,21,0,0,0,0,0,0,0,0,0,0,1,0,1,3,6,141,24,19,39,224,64,67,147,545
MIZORAM,2009,0,0,321,630,0,3,0,0,0,0,0,0,0,0,0,0,0,0,0,0,0,0,34,16,2,1,26,115,2,4,381,761
NAGALAND,2009,2,20,24,147,3,34,0,8,0,0,0,0,0,3,0,0,0,0,0,2,0,0,10,28,3,35,48,162,8,92,82,347
ODISHA,2009,90,218,1729,1491,88,420,10,351,0,2,0,4,8,70,29,897,11,7,13,0,44,121,525,655,139,650,631,3738,380,1488,2937,7136
PUNJAB,2009,6,7,1313,1218,10,25,1,101,0,0,0,0,0,2,0,59,3,1,97,47,8,29,603,1097,11,107,493,3102,38,171,2507,5624
RAJASTHAN,2009,5,33,3166,3219,18,77,0,0,0,0,0,0,2,0,0,150,0,5,18,0,5,17,1253,781,23,754,857,17994,53,886,5294,22144
SIKKIM,2009,0,1,64,24,0,0,0,0,0,0,0,0,0,0,0,0,0,0,12,7,0,0,0,0,0,3,17,31,0,4,93,62
TAMIL NADU,2009,28,213,2986,3649,17,84,0,238,1,2,1,12,0,38,3,278,1,0,10,1,7,150,459,2692,43,657,762,8842,97,1144,4221,15712
TRIPURA,2009,3,25,111,159,0,1,0,0,0,0,0,0,0,0,0,2,0,0,0,0,0,18,66,112,4,33,54,142,7,77,231,415
UTTAR PRADESH,2009,106,186,3747,3945,58,891,0,11312,0,0,0,0,5,33,0,1267,1,8,1,0,9,8,278,885,186,1159,1234,11817,365,2285,5260,29226
UTTARAKHAND,2009,8,16,240,619,3,75,0,12,0,0,0,0,0,0,0,61,1,0,2,4,2,2,54,89,21,86,67,816,35,179,363,1601
WEST BENGAL,2009,70,104,183,5201,24,81,1,108,0,0,0,0,4,23,0,610,7,3,0,20,23,33,45,1611,86,507,100,9583,214,751,329,17133
TOTAL (STATES),2009,1527,3205,57619,77393,798,4116,368,15730,3,9,4,236,108,446,131,13503,53,70,457,395,257,1000,12623,26867,1781,12995,18660,165650,4527,21841,89862,299774
A & N ISLANDS,2009,0,0,38,41,0,0,0,0,0,0,0,1,0,0,0,0,0,0,0,0,0,0,19,14,0,11,29,78,0,11,86,134
CHANDIGARH,2009,1,5,143,728,0,0,0,0,0,0,0,0,0,0,0,0,0,0,1,1,1,5,81,453,2,17,16,549,4,27,241,1731
D & N HAVELI,2009,3,0,24,14,1,2,0,0,0,0,0,0,0,0,0,0,0,0,1,0,2,0,10,17,3,0,8,32,9,2,43,63
DAMAN & DIU,2009,0,1,11,1,0,0,0,0,0,0,0,3,0,0,0,0,0,0,0,0,0,1,19,5,0,2,3,32,0,4,33,41
DELHI,2009,7,79,1133,5848,1,10,0,0,0,0,0,0,2,10,1,734,1,0,4,4,7,31,321,965,18,385,274,14180,36,515,1733,21731
LAKSHADWEEP,2009,2,0,1,4,0,0,0,0,0,0,0,0,0,0,0,0,0,0,0,0,0,0,0,3,1,0,0,3,3,0,1,10
PUDUCHERRY,2009,0,2,49,71,0,0,0,0,0,0,0,0,0,0,0,0,0,0,0,0,0,0,22,38,7,7,0,602,7,9,71,711
TOTAL (UTs),2009,13,87,1399,6707,2,12,0,0,0,0,0,4,2,10,1,734,1,0,6,5,10,37,472,1495,31,422,330,15476,59,568,2208,24421
TOTAL (ALL-INDIA),2009,1540,3292,59018,84100,800,4128,368,15730,3,9,4,240,110,456,132,14237,54,70,463,400,267,1037,13095,28362,1812,13417,18990,181126,4586,22409,92070,324195
ANDHRA PRADESH,2010,49,194,5623,9619,40,88,172,506,0,0,0,49,1,20,11,920,2,0,20,36,3,13,799,3445,39,235,1575,12181,134,550,8200,26756
ARUNACHAL PRADESH,2010,10,33,102,273,0,3,3,7,0,0,0,1,0,0,0,0,0,0,0,0,2,11,49,48,3,22,57,116,15,69,211,445
ASSAM,2010,104,152,1215,1751,26,50,82,208,0,0,0,2,8,6,6,95,0,2,1,8,24,81,405,828,86,371,1749,4968,248,662,3458,7860
BIHAR,2010,317,87,2505,5459,207,1051,37,475,0,2,0,23,26,30,13,1307,7,2,0,21,23,56,300,1706,64,310,582,6553,644,1538,3437,15544
CHHATTISGARH,2010,47,51,3007,1623,2,78,7,108,0,0,0,1,0,7,0,344,3,2,1,4,4,11,238,413,66,403,458,3312,122,552,3711,5805
GOA,2010,1,4,202,154,0,12,0,17,0,0,0,3,0,0,0,19,0,0,3,5,0,2,76,83,1,21,87,753,2,39,368,1034
GUJARAT,2010,38,130,2441,3672,21,54,5,107,0,1,0,13,3,13,2,500,0,2,13,18,20,62,699,1735,104,1122,911,10749,186,1384,4071,16794
HARYANA,2010,20,66,2780,3180,42,136,111,471,0,0,0,0,2,18,1,473,0,1,19,172,4,54,847,2360,79,459,687,9610,147,734,4445,16266
HIMACHAL PRADESH,2010,1,2,374,157,0,0,0,38,0,0,0,1,0,0,0,3,0,0,4,4,1,2,128,80,0,7,237,555,2,11,743,838
JAMMU & KASHMIR,2010,2,16,743,613,0,4,7,37,0,0,0,0,0,4,67,20,0,0,4,0,1,1,423,327,3,36,162,1513,6,61,1406,2510
JHARKHAND,2010,150,105,1067,2721,111,376,15,647,0,0,0,0,12,27,0,280,6,7,3,90,17,67,184,1501,39,127,88,1851,335,709,1357,7090
KARNATAKA,2010,40,703,3585,5003,34,81,0,95,0,1,0,1,0,30,2,436,0,1,38,33,16,44,699,1607,182,1089,1735,12918,272,1949,6059,20093
KERALA,2010,15,119,1500,852,9,24,0,75,0,0,0,1,0,9,2,245,0,0,15,2,3,31,445,304,47,453,720,2901,74,636,2682,4380
MADHYA PRADESH,2010,42,325,7352,8027,16,245,15,845,2,0,0,43,3,17,4,1444,2,15,6,35,3,43,1249,1890,42,1274,1271,9293,110,1919,9897,21577
MAHARASHTRA,2010,140,353,10415,10930,85,360,0,370,0,3,0,75,18,105,2,3368,4,7,68,32,43,183,2875,3826,488,2710,3257,33964,778,3721,16617,52565
MANIPUR,2010,0,0,10,68,0,1,0,60,0,0,0,1,0,0,0,0,0,0,0,0,0,0,27,22,0,1,29,266,0,2,66,417
MEGHALAYA,2010,11,13,81,235,13,20,1,13,0,0,0,0,0,0,0,0,0,1,0,0,3,0,17,19,15,33,67,397,42,67,166,664
MIZORAM,2010,0,8,375,568,1,7,0,0,0,0,0,0,0,0,0,0,0,0,0,0,0,0,22,39,2,1,28,216,3,16,425,823
NAGALAND,2010,1,7,33,266,1,37,0,23,0,0,0,0,0,0,0,0,0,2,0,0,0,0,13,36,1,17,16,72,3,63,62,397
ODISHA,2010,91,204,1694,1664,103,453,1,93,0,0,0,0,1,21,1,621,1,5,10,2,40,123,458,761,110,685,691,4431,346,1491,2855,7572
PUNJAB,2010,16,73,1454,1624,2,22,7,121,0,0,0,0,1,0,0,47,2,0,19,3,4,29,627,814,40,117,554,2837,65,241,2661,5446
RAJASTHAN,2010,12,24,2947,2676,10,70,0,311,0,0,0,12,1,3,0,477,0,5,25,4,1,23,1020,621,13,747,722,18223,37,872,4714,22324
SIKKIM,2010,0,0,59,35,0,0,0,0,0,0,0,0,0,0,0,0,0,0,0,0,0,0,7,5,1,7,6,13,1,7,72,53
TAMIL NADU,2010,31,472,3563,4437,14,150,3,551,0,0,0,24,1,74,0,306,0,0,11,0,4,129,520,1970,35,992,618,7295,85,1817,4715,14583
TRIPURA,2010,9,25,107,166,1,0,0,0,0,0,0,0,1,0,0,0,0,0,1,1,0,8,52,146,5,32,61,144,16,65,221,457
UTTAR PRADESH,2010,107,162,3430,3541,55,1014,6,14090,0,0,0,0,19,99,3,2412,2,6,0,0,7,19,349,821,147,1277,1127,10289,337,2577,4915,31153
UTTARAKHAND,2010,3,14,202,445,3,112,0,9,0,0,0,0,0,0,0,31,0,0,0,0,3,2,43,198,3,34,65,1455,12,162,310,2138
WEST BENGAL,2010,110,90,253,6214,34,171,2,114,0,0,0,0,6,22,0,1061,2,1,0,0,28,48,32,1649,108,466,101,10351,288,798,388,19389
TOTAL (STATES),2010,1367,3432,57119,75973,830,4619,474,19391,2,7,0,250,103,505,114,14409,31,59,261,470,254,1042,12603,27254,1723,13048,17661,167226,4310,22712,88232,304973
A & N ISLANDS,2010,0,4,46,20,0,0,0,0,0,0,0,0,0,0,0,0,0,0,0,2,0,0,3,8,1,3,31,91,1,7,80,121
CHANDIGARH,2010,0,3,138,832,0,0,0,0,0,0,0,0,0,0,0,0,0,0,1,1,1,2,85,542,4,62,12,106,5,67,236,1481
D & N HAVELI,2010,1,3,11,29,0,0,0,0,0,0,0,0,0,0,0,0,0,0,0,0,0,0,5,8,1,0,9,26,2,3,25,63
DAMAN & DIU,2010,0,0,10,7,0,0,0,0,0,0,0,0,0,0,0,0,0,0,0,0,3,0,15,11,3,0,2,29,6,0,27,47
DELHI,2010,11,163,1074,5454,2,29,0,142,0,0,0,0,2,12,0,767,0,0,0,87,7,45,222,1202,10,350,206,15436,32,599,1502,23088
LAKSHADWEEP,2010,0,0,0,5,0,0,0,0,0,0,0,0,0,0,0,0,0,0,0,0,0,0,0,0,0,0,5,0,0,0,5,5
PUDUCHERRY,2010,0,0,47,45,0,0,0,0,0,0,0,0,0,0,0,0,0,0,0,0,0,1,14,22,2,4,11,467,2,5,72,534
TOTAL (UTs),2010,12,173,1326,6392,2,29,0,142,0,0,0,0,2,12,0,767,0,0,1,90,11,48,344,1793,21,419,276,16155,48,681,1947,25339
TOTAL (ALL-INDIA),2010,1379,3605,58445,82365,832,4648,474,19533,2,7,0,250,105,517,114,15176,31,59,262,560,265,1090,12947,29047,1744,13467,17937,183381,4358,23393,90179,330312
ANDHRA PRADESH,2011,43,194,6008,8572,28,135,64,842,0,0,0,12,2,26,56,1589,0,2,38,99,9,12,982,2460,44,231,1152,14693,126,600,8300,28267
ARUNACHAL PRADESH,2011,4,22,83,159,5,7,2,23,0,1,0,0,0,0,0,0,0,0,0,0,1,10,58,91,3,24,40,141,13,64,183,414
ASSAM,2011,217,306,1681,3830,20,89,57,79,0,0,0,0,0,0,0,0,0,0,2,5,22,143,674,1090,46,299,913,3305,305,837,3327,8309
BIHAR,2011,235,73,2681,6152,194,1043,0,574,0,0,0,0,19,19,4,1038,11,8,4,6,25,47,330,1587,72,191,610,6935,556,1381,3629,16292
CHHATTISGARH,2011,28,58,2800,1517,11,62,0,117,0,0,0,1,5,9,8,218,0,0,7,10,2,3,184,311,22,338,549,3141,68,470,3548,5315
GOA,2011,1,8,193,220,0,3,0,9,0,1,0,0,1,2,0,21,0,0,6,7,0,2,63,91,0,10,56,767,2,26,318,1115
GUJARAT,2011,59,218,2351,3332,23,49,5,68,3,3,0,6,1,12,0,747,1,3,19,33,20,41,660,1297,114,1042,1474,10560,221,1368,4509,16043
HARYANA,2011,29,81,3350,4139,58,132,0,776,0,0,0,0,6,18,4,520,0,4,27,43,8,54,1038,3068,66,349,592,8879,167,638,5011,17425
HIMACHAL PRADESH,2011,0,1,518,115,1,1,0,28,0,0,0,0,0,0,0,3,0,0,4,4,0,1,199,125,0,7,274,767,1,10,995,1042
JAMMU & KASHMIR,2011,3,7,621,640,0,0,0,23,0,0,0,0,0,0,0,4,1,0,1,0,0,0,432,520,10,81,462,1468,14,88,1516,2655
JHARKHAND,2011,136,108,1070,2587,84,333,0,226,0,0,0,0,4,21,1,383,1,5,1,0,9,36,74,1067,75,111,89,2115,309,614,1235,6378
KARNATAKA,2011,47,284,4103,5224,24,121,5,413,0,1,0,6,1,34,26,545,12,88,46,333,18,64,645,2487,112,1531,1311,10826,214,2123,6136,19834
KERALA,2011,15,186,1585,946,10,18,0,52,0,0,0,3,0,2,4,258,0,0,4,1,3,34,594,324,43,501,814,3120,71,741,3001,4704
MADHYA PRADESH,2011,46,313,7193,8604,21,273,12,912,0,3,0,26,2,59,5,1866,1,5,10,17,2,30,1379,1598,46,1269,1631,9391,118,1952,10230,22414
MAHARASHTRA,2011,171,313,10557,9562,81,364,0,422,3,2,0,164,14,106,33,3604,1,55,89,310,36,147,2548,3529,467,3262,3086,35858,773,4249,16313,53449
MANIPUR,2011,0,1,11,221,1,0,6,87,0,0,0,0,0,0,0,0,0,0,1,0,0,1,14,181,0,5,20,230,1,7,52,719
MEGHALAYA,2011,11,13,79,276,27,16,4,28,0,0,0,0,0,0,0,0,0,0,0,0,0,3,2,28,11,31,60,364,49,63,145,696
MIZORAM,2011,0,2,263,438,1,4,0,0,0,0,0,0,0,0,0,0,0,0,0,0,0,0,56,142,0,0,17,154,1,6,336,734
NAGALAND,2011,2,4,20,121,2,28,11,55,0,0,0,0,1,2,0,2,1,0,0,0,0,17,21,94,1,8,21,88,7,59,73,360
ODISHA,2011,114,192,1493,1871,111,511,0,190,0,0,0,0,7,22,3,849,11,1,15,27,56,159,480,562,118,698,1040,5225,417,1583,3031,8724
PUNJAB,2011,3,42,1296,1241,3,27,4,95,0,0,0,0,0,0,1,52,2,1,24,5,6,54,600,950,14,112,563,2441,28,236,2488,4784
RAJASTHAN,2011,9,21,2824,2749,8,59,0,182,0,0,0,0,1,6,0,585,0,4,18,3,4,17,909,615,6,620,759,16965,28,727,4510,21099
SIKKIM,2011,0,2,53,31,0,0,0,0,0,0,0,0,0,0,0,0,0,0,0,0,0,1,3,7,0,2,4,34,0,5,60,72
TAMIL NADU,2011,21,392,3340,3427,26,279,3,1353,0,8,0,11,1,29,2,320,1,3,13,5,1,113,609,2096,51,1242,881,6712,101,2066,4848,13924
TRIPURA,2011,8,21,123,169,0,2,0,0,0,0,0,0,0,0,0,0,0,0,0,1,0,4,56,112,3,23,48,212,11,50,227,494
UTTAR PRADESH,2011,150,185,3908,4532,71,1265,0,17390,0,0,0,0,30,216,0,3043,4,5,12,2,6,16,539,980,118,1461,1306,10736,379,3148,5765,36683
UTTARAKHAND,2011,1,5,247,227,0,32,0,16,0,0,0,0,0,1,0,5,0,0,0,0,0,0,36,41,12,141,59,1804,13,179,342,2093
WEST BENGAL,2011,72,112,238,5147,20,89,0,47,0,0,0,0,2,12,0,1140,10,4,3,63,36,72,22,2339,96,471,192,12710,236,760,455,21446
TOTAL (STATES),2011,1425,3164,58689,76049,830,4942,173,24007,6,19,0,229,97,596,147,16792,57,188,344,974,264,1081,13207,27792,1550,14060,18023,169641,4229,24050,90583,315484
A & N ISLANDS,2011,0,0,63,25,0,0,0,0,0,0,0,5,0,0,0,0,0,1,0,0,0,0,9,6,1,0,27,52,1,1,99,88
CHANDIGARH,2011,0,12,210,722,0,0,0,0,0,0,0,0,0,0,0,0,0,0,0,2,5,18,67,555,1,38,8,223,6,68,285,1502
D & N HAVELI,2011,2,1,6,45,0,0,0,0,0,0,0,6,0,0,0,0,0,0,0,0,5,1,16,8,0,0,0,10,7,2,22,69
DAMAN & DIU,2011,0,0,12,14,0,0,0,1,0,0,0,0,0,0,0,0,0,0,0,0,4,1,11,2,0,5,8,30,4,6,31,47
DELHI,2011,9,85,944,6018,2,26,0,169,0,0,0,0,0,3,0,78,0,0,2,5,10,51,189,2011,12,397,284,14618,33,562,1419,22899
LAKSHADWEEP,2011,0,0,0,4,0,0,0,0,0,0,0,0,0,0,0,0,0,0,0,0,0,0,0,0,0,0,0,0,0,0,0,4
PUDUCHERRY,2011,3,2,46,53,0,0,0,0,0,0,0,0,0,0,0,0,0,0,0,0,1,3,15,36,1,6,4,618,5,11,65,707
TOTAL (UTs),2011,14,100,1281,6881,2,26,0,170,0,0,0,11,0,3,0,78,0,1,2,7,25,74,307,2618,15,446,331,15551,56,650,1921,25316
TOTAL (ALL-INDIA),2011,1439,3264,59970,82930,832,4968,173,24177,6,19,0,240,97,599,147,16870,57,189,346,981,289,1155,13514,30410,1565,14506,18354,185192,4285,24700,92504,340800
ANDHRA PRADESH,2012,29,205,6028,9085,30,108,20,223,0,3,0,18,4,15,0,1685,0,1,23,66,7,21,609,1762,61,315,1762,14636,131,668,8442,27475
ARUNACHAL PRADESH,2012,7,12,77,122,3,15,0,4,0,0,0,1,0,0,0,0,0,0,0,0,6,16,59,54,4,22,79,221,20,65,215,402
ASSAM,2012,123,135,1219,2910,7,50,0,35,0,0,0,0,0,1,0,2,0,3,0,0,28,72,501,1046,108,646,2105,5401,266,907,3825,9394
BIHAR,2012,260,42,3077,6740,191,1081,28,421,0,0,0,0,15,28,0,1233,4,6,6,1,28,51,217,1918,42,58,430,7354,540,1266,3758,17667
CHHATTISGARH,2012,36,30,2602,1392,6,36,0,46,0,0,0,1,0,7,10,205,0,0,14,13,2,13,199,316,20,326,509,3368,64,412,3334,5341
GOA,2012,2,9,212,150,0,2,0,10,0,0,0,0,0,0,0,26,0,0,5,2,1,0,73,104,3,14,66,623,6,25,356,915
GUJARAT,2012,94,147,2689,3684,32,66,0,227,0,0,2,5,4,14,0,605,0,2,17,12,31,56,839,1971,126,1081,1148,9448,287,1366,4695,15952
HARYANA,2012,22,73,3409,5538,68,155,32,1081,0,0,0,0,2,16,1,429,0,2,25,10,12,53,1078,3295,100,412,584,7237,204,711,5129,17590
HIMACHAL PRADESH,2012,1,1,506,92,0,3,0,44,0,0,0,0,0,0,0,1,0,0,8,29,0,0,131,65,0,6,283,538,1,10,928,769
JAMMU & KASHMIR,2012,1,18,866,344,2,5,8,18,0,0,0,0,0,0,7,105,0,1,8,1,0,0,200,200,3,57,306,1354,6,81,1395,2022
JHARKHAND,2012,125,86,988,2598,116,269,0,257,0,8,0,1,7,10,8,423,3,2,0,10,4,19,40,1157,29,100,180,2234,284,494,1216,6680
KARNATAKA,2012,69,225,3937,4592,20,58,188,194,0,0,0,0,1,48,2,492,0,2,49,32,5,83,723,1953,116,1791,893,11155,211,2207,5792,18418
KERALA,2012,12,111,1502,767,4,27,0,54,0,0,0,8,0,3,3,204,0,0,9,4,11,38,471,323,45,546,725,2718,72,725,2710,4078
MADHYA PRADESH,2012,37,307,7671,7450,15,291,20,783,1,16,30,56,3,67,5,2089,0,4,28,69,5,47,1080,2229,46,1208,1185,10506,107,1940,10019,23182
MAHARASHTRA,2012,116,358,10508,8293,79,443,0,173,1,0,0,250,13,515,4,3081,1,4,93,45,55,119,1943,2589,528,5510,3100,33045,793,6949,15648,47476
MANIPUR,2012,0,1,31,247,0,1,0,57,0,0,0,0,0,0,0,0,0,0,0,1,0,0,16,165,8,1,6,433,8,3,53,903
MEGHALAYA,2012,6,6,98,188,20,10,0,13,0,0,0,0,0,0,0,0,0,0,0,0,0,0,5,29,26,30,42,313,52,46,145,543
MIZORAM,2012,0,1,282,349,2,3,0,4,0,0,0,2,0,0,0,13,0,0,0,0,0,0,52,99,0,0,13,138,2,4,347,605
NAGALAND,2012,0,15,28,156,1,20,0,7,0,0,0,0,0,0,0,9,0,0,0,6,0,7,8,112,0,12,29,91,1,54,65,381
ODISHA,2012,76,169,1828,2315,114,491,0,292,0,0,0,6,1,30,6,773,3,15,47,62,51,151,617,787,157,757,932,5395,402,1613,3430,9630
PUNJAB,2012,5,10,1440,1282,8,48,6,286,0,0,0,0,0,2,0,58,0,1,25,3,6,22,659,916,29,130,698,2727,48,213,2828,5272
RAJASTHAN,2012,3,21,2834,2745,7,71,0,227,0,0,0,0,0,2,2,694,1,2,17,1,3,15,919,816,17,696,838,18831,31,807,4610,23314
SIKKIM,2012,0,2,55,96,0,0,0,0,0,0,0,0,0,0,0,0,0,0,0,0,0,1,2,0,0,3,8,21,0,6,65,117
TAMIL NADU,2012,37,401,3080,3100,11,84,14,1188,0,1,0,26,2,21,2,296,2,2,13,4,3,52,528,2019,42,1337,820,5363,97,1898,4457,11996
TRIPURA,2012,5,38,124,315,0,0,0,1,0,0,0,0,0,0,0,5,0,0,0,1,0,8,55,103,2,14,60,140,7,60,239,565
UTTAR PRADESH,2012,110,169,3677,3776,66,1480,0,21662,1,0,0,0,8,40,1,1836,6,4,17,1,3,20,688,1342,128,1446,1804,8759,322,3159,6187,37376
UTTARAKHAND,2012,9,20,194,559,5,61,0,40,0,0,0,0,0,0,0,54,0,0,0,5,1,3,69,63,14,60,128,1192,29,144,391,1913
WEST BENGAL,2012,92,86,221,5002,30,90,0,256,0,10,0,0,2,17,1,1060,9,140,3,5,31,39,35,2186,115,434,204,14482,279,816,464,22991
TOTAL (STATES),2012,1277,2698,59183,73887,837,4968,316,27603,3,38,32,374,62,836,52,15378,29,191,407,383,293,906,11816,27619,1769,17012,18937,167723,4270,26649,90743,312967
A & N ISLANDS,2012,0,0,43,15,0,0,0,0,0,0,0,0,0,0,0,0,0,0,0,15,0,0,4,2,5,2,24,39,5,2,71,71
CHANDIGARH,2012,0,17,153,811,0,0,0,0,0,0,0,0,0,0,0,0,0,0,0,2,1,22,78,630,2,24,4,106,3,63,235,1549
D & N HAVELI,2012,0,0,8,19,0,0,0,10,0,0,0,4,0,0,0,0,0,0,2,1,0,0,7,12,2,2,5,22,2,2,22,68
DAMAN & DIU,2012,0,1,12,4,0,0,0,0,0,0,0,1,0,0,0,0,0,0,0,0,1,1,12,8,0,1,2,42,1,3,26,55
DELHI,2012,10,101,1249,7076,1,32,0,189,0,0,0,0,0,12,1,637,0,0,2,11,0,32,285,1370,17,431,178,12749,28,608,1715,22032
LAKSHADWEEP,2012,0,0,3,7,0,0,0,0,0,0,0,0,0,0,0,0,0,0,0,0,0,0,0,0,0,0,0,0,0,0,3,7
PUDUCHERRY,2012,1,4,47,42,0,0,0,0,0,0,0,0,0,0,0,0,0,0,0,0,2,4,26,20,2,8,4,596,5,16,77,658
TOTAL (UTs),2012,11,123,1515,7974,1,32,0,199,0,0,0,5,0,12,1,637,0,0,4,29,4,59,412,2042,28,468,217,13554,44,694,2149,24440
TOTAL (ALL-INDIA),2012,1288,2821,60698,81861,838,5000,316,27802,3,38,32,379,62,848,53,16015,29,191,411,412,297,965,12228,29661,1797,17480,19154,181277,4314,27343,92892,337407
